"Gender","Age","Height","Weight","Duration","Heart_Rate","Body_Temp","Calories"
0,56,171,88.3,101.4,157,40.9,1313
1,46,153,74.9,78,151,40.9,883
1,32,166,68.1,66.6,122,40.8,677
0,25,170,53.2,35.4,164,40.7,532
0,38,179,46.1,38.4,158,40.75,556
1,56,168,58,95.4,156,40.9,1116
0,36,172,70.3,89.4,169,40.8,1385
1,40,151,69.7,76.2,141,40.9,895
0,28,194,121.7,61.8,127,40.9,719
0,28,184,101.8,64.8,136,40.9,808
0,41,167,120.8,49.2,146,40.85,593
0,53,170,51.7,69,152,40.9,865
0,57,161,112.5,74.4,165,40.9,1013
0,41,200,94.5,70.8,136,40.8,794
0,20,181,117.7,81,161,40.95,1195
1,39,175,42.5,67.8,131,40.9,740
1,19,153,64,79.8,167,40.8,1111
1,41,177,43.8,71.4,165,40.9,884
1,47,175,66.8,67.8,146,40.9,742
1,55,167,75.2,82.2,167,40.85,1030
0,19,177,89,90,127,40.9,1048
0,38,177,71.9,67.2,142,40.8,875
1,50,168,71,70.2,161,40.9,848
0,29,178,120.9,46.8,168,40.9,721
1,39,169,64.3,75,148,40.9,925
1,42,171,63.7,85.2,169,40.9,1080
0,44,180,65.2,43.8,139,40.9,502
0,59,175,53.9,88.8,135,40.8,989
0,45,186,84.9,98.4,136,40.8,1104
1,33,168,78,77.4,135,40.9,871
0,32,180,108.2,76.2,138,40.7,964
1,20,152,65.4,61.8,127,40.8,654
1,54,161,50.2,88.8,157,40.8,1046
1,24,151,58.9,62.4,157,40.85,816
0,38,171,81.4,91.2,148,40.8,1237
0,26,173,127.6,79.2,160,40.9,1162
1,56,156,59.3,75.6,155,40.75,879
0,35,171,96.9,80.4,145,40.7,1069
0,21,181,62.6,78,150,40.9,1072
0,42,160,45.5,78.6,163,40.9,1057
1,31,151,48.8,88.8,131,40.75,969
1,26,160,44.3,64.8,136,40.85,734
0,43,183,113.2,87,134,40.9,962
1,19,159,60.5,68.4,128,40.7,730
0,37,176,124.2,90,158,40.9,1304
0,45,185,52.4,72,161,40.9,956
0,24,174,54.7,50.4,167,40.8,772
0,25,195,88.1,84.6,131,40.9,1016
1,52,171,59.7,73.8,151,41,836
1,31,154,79.7,61.8,144,40.8,742
1,34,162,51,85.2,158,40.9,1122
0,53,176,84.2,100.2,137,40.75,1133
0,57,189,122.1,67.8,134,40.85,750
0,21,172,96.7,75.6,151,40.9,1046
1,19,179,73,48.6,125,40.8,506
0,23,160,114.8,88.2,163,40.9,1318
1,59,152,65.5,84,162,40.8,1021
1,21,152,50.3,64.8,154,40.9,832
1,46,171,61,100.2,153,40.9,1150
1,35,162,44.6,33.6,157,40.9,440
1,43,161,58.2,62.4,124,40.9,580
1,51,163,44.8,64.8,137,40.85,666
0,27,163,87.5,105,135,40.9,1299
0,53,174,51.8,73.8,127,40.9,773
1,31,170,64.4,118.2,144,40.8,1418
1,48,161,67.1,37.2,151,40.9,421
0,32,160,85.9,119.4,145,40.8,1587
1,25,177,65.4,53.4,141,40.85,627
1,31,176,61.1,108.6,150,40.85,1358
0,40,165,106.5,79.2,162,40.9,1176
1,57,152,64,103.8,129,40.7,1004
1,38,154,61.4,88.2,131,40.9,963
1,33,163,40.5,64.2,147,40.9,786
0,35,179,70.1,64.8,125,40.75,743
0,41,162,94.1,67.8,139,40.8,777
0,43,182,55.5,64.8,124,40.85,663
1,42,172,53.7,82.2,142,40.9,875
1,58,175,66.1,37.8,128,40.9,363
0,46,177,103.9,70.8,148,40.9,864
1,32,158,61.7,112.2,135,40.85,1262
1,18,174,52.3,72,165,40.7,990
1,42,174,59.5,106.8,141,40.9,1129
1,24,176,72.9,51.6,127,40.8,546
1,26,163,76.7,64.8,139,40.85,751
0,41,183,72.1,67.8,133,40.85,744
1,18,168,54.8,76.2,158,40.7,1003
0,25,188,105,80.4,156,40.9,1150
1,41,155,55,87,169,40.9,1103
0,28,166,81.6,65.4,153,40.85,917
1,34,160,75.6,38.4,130,40.9,416
0,25,161,81.5,115.8,159,40.9,1688
1,52,169,61.5,108,152,40.95,1231
0,52,163,74,75.6,150,40.9,936
1,50,159,56.4,75.6,163,40.9,924
0,22,184,102.6,75,153,40.9,1052
1,59,157,54.6,34.8,169,40.75,441
0,56,178,129,77.4,126,40.9,805
0,58,166,103.5,79.8,168,40.9,1106
1,45,151,59.4,69,142,40.9,735
1,24,179,60.1,118.2,165,40.85,1625
0,26,162,77.7,69.6,126,40.85,804
1,25,162,41.2,89.4,144,40.8,1073
0,29,161,58.6,72,122,40.75,805
0,51,178,109.3,32.4,157,40.8,420
0,50,196,69.6,58.2,139,40.8,667
1,40,179,56.2,107.4,153,40.9,1369
0,41,196,71.7,30.6,168,40.8,424
0,54,193,86,104.4,163,40.9,1404
1,52,159,79.4,83.4,163,40.9,1020
1,57,162,78.4,60.6,149,40.9,677
1,39,160,55.4,86.4,136,40.9,979
1,44,155,61.7,84.6,129,40.9,819
0,52,182,85.5,106.8,154,40.85,1357
0,18,193,87.6,103.2,139,40.9,1315
0,52,172,82.4,60.6,137,40.9,685
0,54,168,67,33,164,40.9,446
1,31,160,42.3,65.4,163,40.8,888
0,20,199,82.7,101.4,146,40.9,1357
0,18,174,92.4,84.6,168,40.9,1303
1,22,154,63.2,61.2,155,40.8,790
0,43,185,82.7,73.2,142,40.8,858
0,31,176,86.6,77.4,151,40.8,1071
0,56,195,129.5,60,129,40.8,639
0,44,183,98,76.8,130,40.85,824
0,26,168,86.2,118.2,157,40.9,1701
0,32,162,78.6,76.8,125,40.85,880
1,32,166,59,30.6,160,40.85,408
1,43,179,57.3,118.8,166,40.9,1479
0,59,189,122.3,39.6,153,40.8,500
0,30,195,85.3,96.6,155,40.9,1373
1,49,174,45.2,74.4,156,40.9,870
0,56,192,55.6,40.8,136,40.9,458
0,49,195,82.8,114.6,159,40.8,1503
0,21,166,125.2,82.8,159,40.9,1207
1,47,179,58.5,85.2,131,40.9,837
0,54,195,86.1,70.2,140,40.85,811
1,40,161,63.5,78.6,159,40.9,1041
0,56,168,69.3,39.6,138,40.9,451
1,32,162,70.5,74.4,122,40.85,756
1,46,165,60.1,101.4,137,40.9,1042
0,53,195,94.1,53.4,138,40.9,608
1,30,162,79.2,75.6,166,40.85,1046
0,49,191,115.3,82.8,125,40.8,854
1,24,179,62.9,85.2,135,40.8,958
0,39,164,62,58.2,127,40.85,678
0,45,178,88.5,91.8,167,40.8,1265
1,19,177,73.9,76.8,137,40.8,877
0,59,195,50.3,64.2,167,40.9,885
0,23,180,83.1,42,162,40.9,624
1,45,178,65.1,87.6,158,40.9,1038
0,45,179,46.6,87.6,168,40.9,1214
0,37,189,103.5,32.4,168,40.75,499
1,47,154,61.9,117,131,40.9,1150
1,28,161,52,79.2,164,40.8,1082
0,45,171,113.4,49.8,129,40.95,530
0,42,198,62.9,85.2,126,40.8,886
1,56,180,40.4,73.8,165,40.9,913
1,50,175,67.1,40.2,120,40.85,362
0,18,161,70,78,168,40.75,1201
1,44,175,69.5,61.2,155,40.9,711
0,30,166,107.9,64.8,140,40.9,832
0,58,191,109,89.4,156,40.9,1151
0,20,191,101,81.6,143,40.85,1070
0,56,185,88.5,94.2,144,40.9,1119
0,23,180,80.9,93,126,40.9,1074
1,25,162,43.1,62.4,161,40.8,837
1,44,152,59.1,94.8,136,40.9,967
1,26,153,54,68.4,148,40.8,844
1,54,178,72.3,76.2,149,40.85,852
0,50,198,51.1,55.2,126,40.8,574
0,59,172,89.4,64.8,152,40.85,813
0,41,180,51.5,65.4,126,40.8,680
0,32,188,87.9,91.2,143,40.8,1195
1,49,152,42,66,130,40.9,644
0,49,172,79.2,87.6,128,40.85,925
0,41,171,64.8,72,131,40.9,778
1,58,178,63,94.8,154,40.9,1095
1,29,177,56.2,40.8,123,40.8,418
1,56,164,52.9,66,155,40.8,767
1,19,169,49,63,147,40.7,772
0,20,184,128.2,49.8,132,40.9,603
0,54,186,83.6,92.4,142,40.85,1082
1,34,177,56.2,108.6,138,40.85,1249
0,19,178,87.8,76.8,161,40.9,1133
0,19,185,85.9,99.6,156,40.9,1424
0,45,187,51.1,86.4,158,40.9,1126
1,40,171,57.4,112.2,143,40.9,1337
0,54,192,114.9,72,135,40.8,802
1,49,166,62.1,82.2,152,40.9,937
0,50,191,57.1,65.4,131,40.8,707
0,18,180,68.1,66,153,40.9,926
0,36,165,69.2,73.8,126,40.85,852
1,19,152,65.2,73.8,130,40.8,800
0,43,173,108.6,79.8,150,40.85,988
1,49,165,40,61.8,148,40.9,686
1,23,158,41.9,33.6,132,40.85,370
1,49,152,68.3,87,150,40.9,979
0,21,160,88.4,102.6,121,40.9,1138
0,28,190,66,70.8,158,40.9,1025
0,34,164,71.9,75.6,134,40.8,929
0,55,171,75.6,61.8,130,40.85,663
1,41,159,63.4,110.4,153,40.9,1267
1,22,177,71.6,89.4,158,40.8,1177
1,51,177,57.4,64.8,123,40.95,598
0,23,199,83.8,107.4,130,40.9,1280
1,39,171,55.9,117,148,40.9,1443
0,28,176,87,72,121,40.9,799
1,33,171,65.3,70.8,135,40.8,796
0,50,167,45.4,82.2,158,40.9,1071
0,26,187,87.1,102.6,132,40.85,1241
1,23,173,78.6,88.2,156,40.8,1147
1,33,171,78,64.8,136,40.8,734
1,46,153,58,109.8,140,40.9,1153
1,20,169,71.3,76.8,163,40.85,1043
0,37,174,49.1,66.6,138,40.8,842
1,53,165,78.3,74.4,126,40.9,703
1,36,164,57.3,67.8,157,40.9,887
1,43,161,48.4,76.8,127,40.9,732
0,20,162,76.4,81,132,40.9,980
0,36,177,110.2,71.4,156,40.8,1021
1,37,176,72.9,72.6,121,40.85,732
0,49,186,82.1,112.2,160,40.7,1481
1,24,176,58.9,37.8,130,40.8,410
0,58,187,82.2,94.2,143,40.9,1111
0,50,172,96.7,87.6,125,40.8,903
0,57,186,81.4,108,145,40.9,1292
0,56,173,107.8,65.4,126,40.9,680
1,35,162,65.8,60,158,40.9,790
1,57,156,68.5,87,138,40.9,900
1,18,159,63.9,112.2,125,40.7,1169
0,28,162,76.3,69.6,162,40.8,1034
1,45,165,44.5,86.4,148,40.9,959
1,42,175,50.7,77.4,162,40.9,940
1,40,161,55.1,93,158,40.9,1224
0,48,161,73.7,81.6,121,40.8,815
0,47,177,55.6,72,138,40.85,820
0,59,176,86.9,67.8,123,40.9,688
1,52,168,60.3,96,125,40.95,900
1,24,164,40.4,59.4,168,40.8,832
1,33,166,78.5,77.4,156,40.9,1006
0,43,172,102.6,49.2,147,40.85,597
0,19,191,110.8,78.6,149,40.8,1074
1,18,179,60.9,66.6,126,40.75,699
0,29,161,55.7,84.6,128,40.75,993
0,22,192,110.5,69.6,144,40.9,919
0,54,171,55.2,46.2,152,40.9,579
0,49,172,46.5,84,120,40.8,832
1,26,166,70.9,48.6,125,40.85,506
0,58,175,74.6,65.4,137,40.75,739
0,52,172,45.1,55.8,129,40.9,594
0,36,199,99.9,79.8,147,40.75,1075
0,33,161,117,62.4,130,40.7,744
1,20,173,75.9,83.4,152,40.8,1056
1,37,164,71.2,66.6,120,40.9,666
0,41,172,78.8,60.6,132,40.8,660
0,50,169,50.6,78.6,156,40.8,1012
0,41,179,82.5,101.4,139,40.8,1163
0,28,179,108.5,79.8,120,40.9,878
0,25,198,49.9,69,122,40.9,772
0,53,191,125.1,31.2,137,40.8,353
1,55,166,79.7,63.6,160,40.85,763
0,57,163,126.8,57.6,133,40.9,632
1,37,157,54.6,78.6,150,40.9,982
1,52,154,47.8,80.4,146,40.8,880
0,42,191,97.9,60.6,136,40.8,680
1,52,154,63.1,81.6,165,40.85,1010
1,42,169,72.4,64.2,148,40.9,713
1,46,170,58.9,91.2,155,40.9,1060
1,35,160,50.4,61.8,156,40.9,803
1,35,159,64.2,97.8,145,40.9,1182
1,19,177,58.8,84,136,40.7,952
0,52,162,105.2,81.6,141,40.9,949
1,33,150,45.9,55.2,144,40.8,662
1,58,163,65.2,67.2,121,40.9,610
1,53,179,56.3,91.2,141,40.9,964
0,50,170,90,48.6,124,40.9,497
1,21,170,60,118.2,123,40.75,1212
0,50,171,51.5,88.8,155,40.9,1136
1,31,164,63.1,92.4,125,40.8,962
0,38,177,91.5,48,140,40.9,616
0,37,167,48.7,83.4,132,40.8,1009
1,25,156,57.8,81,156,40.8,1053
1,24,175,42,49.8,144,40.85,598
0,20,192,128.4,37.8,145,40.9,502
1,34,157,74.2,88.2,158,40.9,1161
0,50,168,89.6,107.4,139,40.9,1232
0,29,200,125.9,81.6,152,40.9,1137
0,39,199,105.5,48.6,133,40.8,593
0,39,170,93.4,66,155,40.9,938
0,47,184,82.1,82.2,136,40.85,922
1,55,169,42.9,54,140,40.85,567
0,55,168,128.4,67.8,165,40.9,923
0,25,196,112.4,85.2,135,40.9,1054
1,44,179,77.7,84.6,165,40.85,1047
0,44,199,89.3,84,135,40.8,936
1,51,155,70.3,84,139,40.9,876
1,38,172,59.1,64.2,148,40.9,792
1,47,169,49.9,88.8,147,40.9,979
0,50,167,101.7,31.8,127,40.85,333
0,45,191,93,61.8,143,40.85,729
0,50,160,87.4,46.2,122,40.9,465
1,22,161,55.1,97.2,144,40.8,1166
0,36,169,123.7,78,138,40.9,987
1,21,157,61.3,116.4,152,40.8,1474
0,52,194,72.3,87.6,121,40.8,874
1,34,153,69.2,81.6,134,40.9,911
0,45,161,81.4,68.4,141,40.85,796
0,47,186,84.8,111,129,40.8,1181
0,46,172,55.1,85.8,137,40.8,970
1,23,178,59,100.2,141,40.8,1177
1,52,151,64.9,109.8,165,40.8,1359
0,58,175,109.7,60.6,168,40.9,840
0,54,190,78.4,48.6,146,40.75,585
1,41,179,76.7,84,132,40.8,832
1,46,161,63.1,60,152,40.9,684
1,48,158,62.9,118.8,124,40.9,1105
0,52,174,85.6,110.4,145,40.85,1321
1,50,157,66.3,75,132,40.9,742
0,38,197,61.3,82.2,146,40.9,1100
1,49,165,44.1,69.6,133,40.9,694
0,40,162,63.8,78,143,40.85,1022
1,50,155,55.4,111,122,40.8,1016
1,20,158,74.7,62.4,166,40.8,863
1,35,167,78,67.8,168,40.8,949
1,42,167,57.5,68.4,149,40.9,764
1,59,173,60.7,61.8,154,40.9,714
0,48,174,69,88.8,167,40.85,1223
1,20,178,75.8,85.2,133,40.8,944
1,57,163,75.7,41.4,131,40.9,407
1,41,164,71.2,85.2,147,40.9,939
0,49,168,85,109.2,163,40.85,1468
1,39,156,63.6,73.2,148,40.95,903
0,40,194,73.2,48.6,162,40.9,722
1,19,152,48.3,57.6,136,40.9,653
1,44,178,42.8,89.4,159,40.9,1066
0,59,176,88.1,81,168,40.85,1123
1,19,175,72.4,72,140,40.8,840
0,43,188,73.2,70.2,142,40.85,822
0,34,186,110.5,85.2,139,40.7,1086
1,57,176,46.1,86.4,130,41,842
0,50,171,90.8,64.2,153,40.9,810
1,26,151,59.3,102,129,40.8,1096
1,56,173,45.1,49.8,129,40.95,482
0,46,177,45,88.8,162,40.9,1187
0,59,162,89.4,85.8,125,40.9,885
0,43,169,127.7,68.4,155,40.9,875
0,52,172,70.9,78.6,143,40.9,927
1,42,150,49.2,69,131,40.9,678
1,41,179,62.3,119.4,162,40.9,1451
0,30,187,64.1,38.4,142,40.8,500
1,24,175,69.7,84.6,146,40.85,1029
1,53,159,56.9,89.4,164,40.8,1100
1,37,171,53,67.8,156,40.9,881
1,18,155,72.7,50.4,125,40.8,525
0,25,196,76.5,40.2,120,40.9,442
0,33,199,113.6,82.8,125,40.85,949
1,31,162,62.5,93.6,169,40.8,1318
0,29,186,95.2,38.4,141,40.9,496
0,40,182,51.7,54,160,40.8,792
0,32,167,105.3,34.2,143,40.75,448
1,45,168,71.2,82.2,144,40.9,888
1,51,151,78.1,55.2,134,40.9,555
1,19,168,50.6,72.6,145,40.75,877
0,49,189,70.2,42,127,40.8,440
1,40,153,62.6,115.8,143,40.9,1380
1,39,165,60.6,55.2,167,40.9,768
0,42,197,76.4,68.4,157,40.8,886
1,39,171,63.3,112.8,125,40.9,1175
1,39,164,68.6,79.8,154,40.9,1024
0,59,188,123.3,78,161,40.8,1036
0,23,194,107,81,120,40.9,891
0,32,192,68.3,85.2,165,40.8,1289
1,54,160,47.8,71.4,155,40.8,830
1,50,179,58.4,96,131,40.95,943
1,25,171,74.3,85.8,157,40.9,1123
0,22,182,106.8,60,130,40.9,715
0,56,180,125.5,75.6,131,40.9,817
1,21,155,55.2,82.2,161,40.8,1103
1,23,172,71.4,75,169,40.85,1056
0,49,161,77.7,61.8,158,40.9,806
0,47,160,88.4,111.6,126,40.85,1160
0,52,199,104.8,55.8,130,40.8,598
0,57,169,82.2,69,155,40.8,882
1,33,175,68.2,51,150,40.8,638
0,30,199,91.4,82.2,152,40.85,1145
1,59,165,42.1,73.2,132,40.8,725
1,47,176,68.7,82.2,137,40.9,845
1,36,174,47.2,90,160,40.9,1200
0,34,176,92,43.8,143,40.75,574
0,36,195,56.2,65.4,128,40.8,767
0,45,172,58.4,78.6,150,40.9,973
0,43,195,82.9,114,160,40.8,1505
1,54,174,66.9,74.4,129,40.9,720
0,43,185,66.3,70.8,121,40.85,707
0,40,193,93.6,82.8,157,40.8,1192
1,26,150,64.1,115.8,134,40.85,1293
0,29,162,86.7,91.2,122,40.85,1020
1,18,159,62,73.8,162,40.7,996
1,18,161,58.1,114,150,40.75,1425
1,51,160,64.9,89.4,125,40.9,838
1,49,162,69.3,68.4,122,40.9,626
1,42,174,42.7,62.4,130,40.9,608
1,57,163,51.4,72,134,40.8,724
1,18,160,67.4,36,164,40.75,492
1,33,161,55.6,106.2,147,40.9,1301
0,56,186,125.3,60,129,40.9,639
0,22,185,102.1,88.8,157,40.9,1278
0,39,177,61.9,79.2,166,40.8,1205
0,46,164,108.8,84,169,40.9,1171
1,20,158,51.1,30,169,40.8,422
0,29,199,81.7,87,126,40.9,1005
1,43,166,42.7,43.8,134,40.9,440
0,33,199,81.8,95.4,137,40.7,1198
0,54,176,54.6,76.8,137,40.9,868
0,39,188,107.7,43.2,160,40.85,634
1,46,160,56.9,52.8,143,40.9,566
0,31,171,78.8,89.4,121,40.9,992
1,45,164,48.2,75,159,40.9,894
1,22,159,50.7,76.2,139,40.9,883
0,47,199,86.6,118.8,153,40.8,1500
0,22,163,96.3,81,162,40.9,1203
0,29,198,80.8,99,145,40.85,1316
1,33,153,58,110.4,126,40.75,1159
0,43,185,95.9,76.8,157,40.85,995
1,43,158,61.5,111.6,149,40.9,1247
1,38,179,40.6,37.2,161,40.9,499
0,56,187,82.5,90.6,124,40.75,927
0,53,184,105.1,41.4,130,40.85,444
1,50,158,58.1,115.8,120,40.9,1042
1,47,176,61,92.4,153,40.9,1060
1,54,153,64.5,104.4,120,40.8,940
0,40,198,58.2,85.8,138,40.9,1085
1,27,176,69.5,56.4,121,40.8,569
0,22,184,62.2,30.6,140,40.9,393
1,53,170,68,63.6,139,40.85,663
1,51,150,56.3,85.8,142,40.8,914
0,48,170,94.5,60.6,140,40.85,700
1,27,179,58,83.4,143,40.9,994
0,36,194,84,108,123,40.8,1218
0,49,187,61,68.4,131,40.8,739
1,18,153,64.8,118.8,141,40.8,1396
0,22,177,45.7,62.4,139,40.9,795
0,21,190,80.9,108,137,40.9,1356
1,33,163,64.1,94.8,120,40.9,948
0,41,177,67,73.2,149,40.9,900
0,33,160,106.5,84,152,40.7,1170
0,19,185,95.1,72.6,143,40.85,952
1,45,157,65.5,39.6,133,40.9,395
0,49,164,105.7,72,155,40.8,921
1,44,176,48,52.8,124,40.9,491
1,37,150,69.5,41.4,130,40.9,448
0,41,169,66.1,46.2,143,40.9,545
0,29,170,68,45.6,150,40.75,627
0,52,178,50.3,51,132,40.85,555
1,50,168,69.3,72,135,40.9,729
0,50,163,86.7,102,143,40.9,1203
0,54,194,125.9,81,132,40.85,882
0,29,193,88.1,112.8,143,40.85,1479
0,20,182,124.3,75,145,40.9,997
0,18,185,62,52.8,121,40.9,586
1,50,172,69.7,74.4,135,40.85,753
1,57,152,60.9,78.6,157,40.75,926
0,27,197,76.5,67.8,165,40.9,1025
0,46,182,94.7,88.2,120,40.9,873
0,30,175,67.9,75,168,40.9,1155
0,29,187,121.1,78.6,130,40.85,937
1,48,164,71.5,87.6,154,40.9,1012
0,19,170,98.6,49.8,162,40.9,740
1,52,163,68.2,70.2,148,40.9,779
1,40,169,57.7,70.8,156,40.9,920
0,34,163,124.6,84.6,136,40.7,1055
1,43,159,73,78.6,158,40.9,931
1,25,151,59.4,97.2,161,40.85,1304
1,46,165,52,42,147,40.9,463
1,43,165,42.2,79.8,148,40.9,886
0,27,164,89.3,109.2,162,40.85,1622
0,43,176,110,65.4,122,40.85,658
1,51,158,66.2,51.6,129,40.85,499
0,58,166,58.6,72.6,161,40.85,964
0,24,167,51,58.2,133,40.7,710
0,21,195,101.5,58.2,131,40.9,699
0,28,187,114.2,63,166,40.9,959
0,46,172,54.4,54.6,161,40.8,725
1,53,157,52.4,80.4,149,40.8,898
0,42,181,85.2,92.4,151,40.8,1151
0,38,174,83.6,99.6,151,40.8,1379
0,53,192,115.4,81.6,161,40.8,1084
0,27,197,71.2,44.4,151,40.9,615
1,54,160,78.1,66,145,40.75,718
1,26,165,54.2,64.2,120,40.8,642
1,41,176,77.6,76.2,161,40.9,920
1,52,162,44.1,84.6,121,40.8,768
0,52,180,85.5,102,136,40.9,1144
1,53,176,47.8,63.6,149,40.9,711
0,35,194,102.5,50.4,158,40.7,730
0,56,190,118,39.6,126,40.8,412
0,49,184,82.3,77.4,146,40.75,932
0,41,187,81.6,112.2,128,40.8,1185
0,40,188,60.2,73.2,141,40.9,946
1,49,154,49.2,76.8,153,40.85,881
1,54,150,46.6,82.8,165,40.9,1025
1,29,172,68.7,64.8,168,40.85,907
1,30,155,60.6,78,120,40.75,780
0,40,161,52.1,52.2,128,40.85,612
1,42,177,46.6,36.6,139,40.9,382
0,52,174,65.5,88.8,138,40.9,1011
1,58,157,44.2,64.8,155,40.7,753
0,47,184,89.1,86.4,159,40.85,1133
0,34,162,65.9,48.6,164,40.75,731
1,37,157,55.6,58.2,123,40.9,597
0,42,198,63.7,82.2,128,40.8,868
0,39,182,86.2,117.6,160,40.8,1725
1,30,163,59.2,111,141,40.85,1304
0,36,188,85.4,118.8,137,40.8,1492
1,53,155,68.1,84.6,131,40.9,831
1,29,162,60,51,161,40.85,684
1,58,169,74.8,76.8,162,40.85,933
0,36,165,90.3,82.8,158,40.85,1199
0,29,165,86.1,99.6,128,40.9,1169
0,26,166,73.7,55.8,125,40.8,639
1,24,156,67.7,85.2,138,40.8,980
0,45,196,78.3,77.4,167,40.8,1066
1,31,165,48.2,66,166,40.85,913
1,48,151,56.8,82.2,126,40.85,777
0,36,163,112.4,61.2,135,40.9,757
1,33,167,59,54,124,40.9,558
0,22,188,98.4,31.2,135,40.85,386
0,52,160,66.5,80.4,120,40.9,796
0,29,181,106.5,77.4,156,40.9,1107
0,42,193,88.4,100.8,158,40.85,1314
0,38,179,88.4,104.4,138,40.8,1321
1,53,174,53.3,82.2,156,40.9,962
1,40,156,58.1,36.6,136,40.9,415
1,33,176,74.2,69,145,40.8,834
0,56,163,84.6,60.6,141,40.8,705
0,59,192,78,43.2,127,41,453
0,56,168,89,106.2,152,40.9,1332
1,31,176,42.7,87.6,121,40.85,883
0,48,182,83.9,114,149,40.8,1401
1,22,152,78.7,87,166,40.8,1204
1,52,152,65.9,76.2,139,40.8,794
0,40,192,76.9,67.8,137,40.9,851
0,46,200,84.3,109.8,162,40.8,1467
1,28,160,62.4,66,129,40.8,710
0,35,174,63.7,61.8,143,40.8,810
1,29,152,54.9,88.8,123,40.8,910
0,26,179,76.4,70.2,156,40.9,1004
0,27,186,106.4,80.4,123,40.9,907
1,34,150,68.4,82.2,132,40.9,904
0,55,186,63.5,81.6,144,40.85,969
1,24,150,59.4,75,132,40.85,825
0,30,191,113.4,76.2,137,40.75,957
1,57,152,61.9,55.2,143,40.75,592
1,59,168,70.7,70.2,121,40.8,637
0,26,190,111.5,61.2,167,40.9,937
1,44,166,72.1,84,152,40.9,958
0,19,187,56.9,36.6,138,40.8,463
0,22,190,86.2,114.6,128,40.9,1345
0,46,168,59.4,69.6,147,40.85,844
1,54,172,75.6,58.2,154,40.85,672
1,55,173,76.3,64.8,158,40.8,768
0,36,186,95.8,82.2,129,40.75,972
0,25,183,120.6,62.4,120,40.9,686
1,18,155,65.3,85.2,161,40.8,1143
0,39,189,85.3,46.2,140,40.8,593
0,34,168,68,40.2,128,40.75,472
1,24,157,52.6,77.4,166,40.9,1071
0,42,177,63.3,79.2,134,40.9,876
1,21,165,76.3,68.4,154,40.8,878
0,53,163,61,32.4,124,40.9,331
1,23,161,67.8,80.4,160,40.8,1072
0,48,186,114.9,81.6,141,40.8,949
0,36,171,88,112.2,160,40.85,1646
1,56,158,67.7,87,142,40.85,927
0,44,185,124.8,81,126,40.85,842
1,27,158,53,75.6,142,40.75,895
0,43,188,61.2,61.8,163,40.85,831
1,36,168,48.7,73.8,144,40.9,886
1,56,170,50.6,77.4,146,40.95,848
1,20,173,72.6,76.2,160,40.8,1016
1,30,156,70.4,61.8,125,40.8,644
0,45,188,52.5,64.8,153,40.9,818
0,37,177,76.3,81.6,128,40.75,957
1,45,158,41.2,88.2,168,40.9,1111
1,25,176,55.3,93.6,152,40.8,1186
1,58,167,49.7,82.8,125,40.85,776
0,56,187,48.3,40.8,156,40.9,525
0,18,196,83.2,109.8,150,40.9,1510
0,20,173,120.5,60.6,153,40.9,850
0,30,200,121.6,74.4,160,40.9,1091
1,45,175,73,68.4,148,40.9,759
1,42,167,57.5,105.6,133,40.9,1053
1,50,153,42.7,84.6,155,40.9,983
0,55,173,129.9,41.4,155,40.9,529
0,23,192,108.6,53.4,134,40.9,656
0,49,200,88.6,109.8,127,40.8,1150
1,38,151,49.7,75,145,40.9,906
1,33,154,56.4,63.6,155,40.9,822
0,38,174,46.9,61.8,167,40.8,946
1,28,167,71.3,87.6,140,40.8,1022
0,54,186,71.6,68.4,147,40.85,830
0,53,161,82.3,112.2,123,40.9,1139
1,52,169,70.6,81.6,135,40.85,826
0,36,162,109.8,50.4,141,40.9,651
1,37,169,73.5,32.4,131,40.9,354
0,35,185,85.6,106.8,135,40.8,1322
1,58,168,74.6,61.8,159,40.85,737
1,31,180,63.2,35.4,157,40.8,463
1,32,163,62.6,100.2,161,40.8,1344
0,48,176,87.1,108.6,156,40.95,1398
0,18,184,82.3,103.8,148,40.9,1408
1,20,178,64.3,102.6,137,40.8,1171
1,33,166,53.7,75,129,40.9,806
0,40,200,63,85.2,161,40.9,1257
0,28,186,128.4,63.6,158,40.9,921
0,29,189,88,105,137,40.8,1319
1,27,152,63.7,71.4,120,40.8,714
0,49,187,83.7,77.4,158,40.8,1009
0,33,175,102.6,84,140,40.7,1078
1,25,155,77.7,33,120,40.9,330
0,55,188,87.5,71.4,134,40.95,789
0,29,186,87,91.2,123,40.8,1028
0,41,166,82.8,118.2,139,40.8,1355
1,45,168,65.4,45.6,129,40.9,441
1,25,171,47.2,53.4,142,40.8,632
1,45,170,58.2,57,160,40.9,684
1,53,155,73.5,70.2,153,40.9,806
1,43,173,55.2,100.2,165,40.9,1240
1,25,171,64.4,67.2,167,40.9,935
1,45,174,73.5,70.8,152,40.9,807
0,45,181,89.6,102,153,40.9,1287
0,54,176,86.5,88.8,158,40.8,1158
1,58,167,46.1,76.8,129,40.8,743
0,53,197,68.5,78,139,40.75,894
0,44,184,94.6,75.6,120,40.8,748
1,34,152,54.2,67.8,132,40.9,746
0,26,177,47.7,69,120,40.9,759
0,50,184,52.2,82.8,124,40.8,847
0,37,195,88.8,94.8,135,40.8,1173
0,30,168,101,87.6,134,40.9,1076
0,45,195,118.4,63.6,168,40.8,881
1,46,172,47.9,84.6,147,40.9,933
1,30,174,51.5,64.8,150,40.8,810
1,52,151,79.9,45,142,40.9,479
0,23,185,121.3,43.2,167,40.9,661
1,35,164,78.9,76.8,164,40.9,1050
0,22,162,88.5,112.8,162,40.9,1675
0,42,163,73.5,31.2,136,40.9,350
0,19,193,127.9,76.2,168,40.9,1173
0,27,198,88.5,108,153,40.9,1515
1,47,162,43.4,30.6,132,40.9,303
1,22,156,42.8,88.2,133,40.9,978
0,50,179,64.5,70.2,130,40.8,753
1,18,153,50.7,77.4,147,40.9,948
0,35,166,59.2,78,161,40.8,1151
1,49,173,78.9,82.8,151,40.75,938
1,28,163,78.7,66,154,40.9,847
0,38,192,68.7,78.6,150,40.9,1081
1,43,159,53.1,49.2,136,40.9,502
0,42,165,64.8,66,166,40.9,904
1,39,161,50.3,70.2,128,40.9,749
0,44,163,102.3,80.4,129,40.9,856
0,30,192,62.9,67.8,127,40.9,789
1,50,160,56.5,112.8,140,40.9,1184
1,51,155,74.6,42.6,132,40.9,422
0,58,179,52,67.2,169,40.85,937
1,52,167,52.1,90,124,40.9,837
1,18,154,72.2,58.2,125,40.8,606
0,38,180,85.8,103.2,149,40.8,1410
0,23,185,81.4,96,150,40.9,1320
1,45,165,50.9,87,136,40.9,887
0,34,178,52,82.8,130,40.75,987
0,22,193,71,85.2,139,40.9,1086
0,48,177,80.6,90.6,167,40.9,1248
1,22,172,58.3,60,128,40.8,640
1,55,170,63,79.2,121,40.95,719
0,20,194,111,61.2,156,40.9,875
1,40,166,52.6,76.2,120,40.9,762
0,54,200,116.4,67.8,123,40.75,688
1,54,161,75.6,84.6,155,40.8,983
0,27,180,61.6,88.8,144,40.95,1172
0,27,180,108,82.8,122,40.9,926
1,36,175,59.3,59.4,128,40.9,634
0,34,194,75.7,70.8,141,40.7,915
1,38,160,56.3,72.6,142,40.9,859
1,31,173,58.2,70.2,131,40.8,766
0,26,168,55.7,67.8,129,40.7,802
0,18,167,125.9,87.6,153,40.9,1229
1,30,167,62.7,61.2,162,40.8,826
0,21,186,86.6,82.2,129,40.9,972
0,18,182,64.5,72,149,40.9,983
0,57,186,76.6,68.4,141,40.9,796
0,49,183,81.4,118.8,125,40.8,1225
0,51,171,60.7,68.4,169,40.9,954
1,45,155,57.2,100.2,121,40.9,909
1,48,159,73,71.4,149,40.9,798
0,25,199,123.8,67.8,121,40.85,752
0,56,166,93.6,82.2,151,40.9,1024
0,43,192,76.8,74.4,161,40.85,988
1,51,153,54.7,66.6,135,40.8,674
0,20,194,92.3,68.4,131,40.9,821
1,29,155,71.8,72,120,40.85,720
1,18,157,66.9,64.2,127,40.8,679
1,22,176,48.7,82.2,167,40.8,1144
0,47,171,66.2,85.2,169,40.85,1188
1,47,176,40,48,132,40.9,475
0,34,185,112.4,70.8,134,40.7,870
1,40,155,70,51,163,40.9,693
0,32,174,84,87,127,40.9,1013
1,54,165,43.8,77.4,129,40.8,749
0,38,162,123.3,80.4,165,40.85,1216
1,31,156,57.9,108,124,40.8,1116
0,19,196,82.4,114,169,40.9,1766
0,28,179,84.8,81,138,40.9,1025
0,56,166,109.6,77.4,166,40.9,1060
0,55,177,86.4,60,157,40.9,777
1,51,180,63.9,64.2,130,40.9,626
1,55,162,70.8,32.4,162,40.9,394
0,51,167,115.3,82.8,139,40.9,950
1,35,156,55.3,102.6,139,40.9,1188
0,47,180,73.9,81.6,140,40.8,942
0,32,196,97.3,81.6,137,40.75,1025
1,44,165,60.4,76.2,169,40.9,966
0,51,161,49.3,81.6,129,40.85,868
0,55,178,91.8,86.4,153,40.85,1091
1,50,155,73.6,53.4,145,40.9,581
0,41,178,47.1,75.6,149,40.8,929
0,32,162,65.2,34.8,128,40.8,408
0,47,164,87.2,120,165,40.85,1634
0,59,171,96.7,34.2,150,40.9,423
1,34,161,46.9,61.2,161,40.9,821
1,22,162,72.1,82.8,123,40.8,849
1,46,154,62.5,96.6,125,40.9,906
0,21,169,110.7,63.6,133,40.9,775
0,27,183,102.6,84.6,123,40.9,954
1,34,162,64.3,105.6,145,40.9,1276
0,27,161,80.7,105,166,40.9,1598
0,34,181,115.3,81.6,167,40.7,1249
0,37,169,87.8,108.6,158,40.8,1573
0,41,161,74.3,63.6,136,40.85,714
1,22,170,78.5,81.6,138,40.8,938
1,51,158,77.3,58.2,168,40.9,733
1,23,170,64.5,30.6,125,40.9,319
0,19,194,72,70.2,148,40.9,952
1,30,177,77.9,84.6,130,40.8,916
1,28,158,69.6,89.4,135,40.8,1006
0,40,199,68.9,69.6,149,40.9,951
0,33,189,45.9,87,144,40.75,1148
1,48,169,68.2,45,159,40.9,537
1,28,159,79.6,89.4,130,40.8,968
1,33,152,53.6,61.2,126,40.9,643
1,25,158,57.7,81.6,145,40.8,986
0,21,193,74.2,79.2,141,40.9,1024
1,57,156,64.4,91.2,144,40.75,985
1,21,178,54.9,33,138,40.7,380
0,42,164,50.3,37.8,150,40.9,468
1,20,168,46.5,54.6,145,40.7,660
0,49,199,57.8,55.8,161,40.8,741
0,20,180,83,47.4,160,40.9,695
0,44,179,82.5,90.6,155,40.8,1159
1,46,173,66.5,66.6,142,40.9,709
1,49,167,70.2,55.8,166,40.9,695
0,36,193,121.9,89.4,132,40.7,1082
1,38,152,70.3,71.4,144,40.9,857
1,22,156,40.3,87,121,40.9,877
0,35,176,101.4,50.4,121,40.7,559
0,45,195,79.2,88.2,135,40.8,982
1,59,177,75.8,87.6,128,40.75,841
0,39,188,71.7,33,147,40.85,445
1,38,156,57.7,98.4,132,40.9,1082
1,23,160,47.4,45.6,154,40.9,585
1,18,175,57.2,77.4,160,40.7,1032
1,22,172,44.8,88.8,132,40.8,977
0,58,172,90.2,54,150,40.9,668
0,29,172,84.9,107.4,140,40.85,1378
0,43,177,95.7,64.8,151,40.8,807
0,51,165,59,73.2,153,40.9,924
1,31,177,60.5,103.2,127,40.8,1092
1,43,172,53.8,61.8,160,40.9,742
0,44,197,86.6,99.6,167,40.8,1372
1,26,167,72.8,82.2,121,40.9,829
1,43,177,66.3,88.8,157,40.9,1046
1,39,160,56,53.4,151,40.9,672
0,47,193,45.9,77.4,159,40.8,1015
0,34,164,88,114,147,40.85,1536
0,43,179,94,78.6,156,40.9,1012
1,53,179,44.7,80.4,160,40.9,965
0,18,163,63.2,39.6,120,40.75,436
0,25,190,95.6,88.2,160,40.85,1294
0,52,186,47.8,60.6,129,40.85,645
0,32,164,85.3,106.2,123,40.8,1197
0,39,183,59.7,81,154,40.75,1143
0,31,198,70.2,42.6,129,40.8,504
1,43,180,72.7,47.4,166,40.9,590
1,45,179,50.4,44.4,130,40.9,433
0,40,174,81.7,54.6,133,40.8,666
0,31,162,49.3,33.6,157,40.7,484
1,41,164,61.9,115.8,131,40.95,1138
1,19,168,49.1,85.2,164,40.7,1164
0,43,183,66.5,66.6,136,40.9,747
0,31,193,75.5,36,135,40.7,446
0,24,179,88.2,105.6,154,40.9,1491
0,20,175,74.8,79.8,121,40.9,885
1,40,160,72.2,52.2,130,40.9,566
0,35,163,62.8,84.6,160,40.75,1241
0,55,179,84.7,71.4,122,40.85,719
0,52,169,116.5,31.8,148,40.9,388
0,32,192,77.4,83.4,137,40.7,1047
1,42,162,72.9,70.2,139,40.9,732
1,54,159,58.4,64.8,166,40.8,807
1,45,154,64.3,100.2,133,40.9,999
0,27,187,89.3,97.2,153,40.85,1363
0,56,161,90.2,82.8,168,40.9,1148
1,34,162,59,67.8,150,40.9,847
0,56,186,58.7,65.4,159,40.85,858
0,39,182,127.5,75.6,161,40.95,1116
1,43,152,68.6,85.2,137,40.9,875
1,42,153,56.7,64.2,149,40.9,717
1,34,178,64.5,79.8,144,40.8,958
1,30,152,61.6,106.8,138,40.8,1228
0,37,182,75.1,73.8,127,40.7,859
0,42,193,79.3,73.2,147,40.85,888
1,21,168,72.6,71.4,127,40.9,756
0,27,170,76.7,57.6,150,40.9,792
1,20,161,44.2,64.8,122,40.85,659
1,58,170,56.5,44.4,122,40.9,406
0,35,163,100.9,66,163,40.7,986
1,53,155,55.8,67.2,141,40.8,711
0,39,193,58.3,81,136,40.85,1010
0,51,177,48.6,88.2,155,40.8,1128
0,25,195,81.7,116.4,136,40.9,1451
0,57,169,85.6,105.6,133,40.9,1159
1,36,172,60,97.8,128,40.9,1043
0,59,169,126.4,74.4,149,40.9,915
1,58,178,75.4,63,140,40.8,662
1,54,169,64.2,101.4,131,41,996
1,23,162,65.2,82.2,156,40.8,1069
1,43,166,70.1,59.4,151,40.9,673
0,51,177,102.6,72.6,130,40.9,779
0,23,193,107.2,69,139,40.9,879
1,54,175,56.5,105.6,154,40.9,1220
1,50,175,61.6,73.2,166,40.9,911
0,39,175,81.7,79.2,165,40.8,1198
1,38,158,76.6,44.4,130,40.9,481
0,23,179,116.8,60,127,40.9,698
1,23,159,60.1,108,123,40.7,1107
0,21,173,93.7,60,146,40.9,803
1,47,158,41.6,61.8,163,40.9,756
1,28,179,55.1,119.4,159,40.75,1582
0,47,176,127.1,42.6,157,40.9,552
1,48,160,69.1,80.4,166,40.9,1001
1,41,174,66.8,80.4,149,41,898
0,26,176,125.5,69,163,40.9,1031
1,20,158,71.3,64.2,167,40.8,893
0,48,161,129.2,63.6,167,40.8,876
0,57,186,96.3,66,146,40.95,795
1,54,154,67.5,43.2,140,40.85,454
1,53,155,64.4,106.2,139,40.85,1107
1,41,157,64.9,62.4,123,40.9,576
1,48,166,52.3,44.4,130,40.9,433
1,23,155,56.7,82.8,132,40.9,911
1,19,163,46.8,81,128,40.8,864
1,37,177,70.3,60.6,123,40.9,621
0,45,176,80.8,102,131,40.85,1102
1,28,150,56,116.4,128,40.75,1242
0,21,184,101.2,78,132,40.9,944
1,32,157,56.6,99,167,40.7,1378
1,23,175,40.9,49.2,145,40.8,594
0,47,165,127.8,46.2,157,40.8,598
1,55,176,49.3,76.8,161,40.9,927
1,19,163,64.3,112.2,132,40.8,1234
0,32,162,49.3,70.8,158,40.7,1025
1,28,162,63,40.8,147,40.9,500
1,25,167,41.1,61.8,138,40.8,711
1,43,174,40.5,90,143,40.9,965
0,22,162,71,54.6,138,40.7,691
1,23,162,60.9,95.4,168,40.8,1336
1,43,166,64.7,112.8,132,40.9,1117
1,21,171,51,64.2,132,40.75,706
1,36,177,57.7,99,147,40.9,1213
0,37,182,76.9,89.4,121,40.75,992
0,50,177,80.5,111,129,40.85,1181
1,37,174,73.3,61.8,141,40.75,726
1,29,157,49,79.8,132,40.7,878
0,18,197,114.5,61.8,128,40.9,725
0,43,178,81,94.8,152,40.8,1189
1,31,176,53.5,73.2,133,40.9,811
0,55,168,52.1,46.2,167,40.9,637
1,54,152,70.1,45.6,139,40.9,475
0,28,178,86.9,77.4,134,40.9,951
0,53,176,73.4,65.4,151,40.8,815
0,30,166,90,79.2,152,40.9,1104
0,20,192,85.7,103.2,136,40.9,1287
1,50,155,70.4,43.8,143,40.9,470
0,23,171,57.7,69,149,40.7,942
0,27,176,75.7,40.8,132,40.9,494
1,22,152,61.8,109.8,166,40.8,1519
0,40,176,80.3,97.8,167,40.8,1497
0,27,168,104.3,76.8,135,40.9,950
1,19,158,65.7,87.6,121,40.8,883
0,30,196,120.3,39.6,136,40.85,494
1,57,157,51.9,63,151,40.7,713
1,19,157,59.1,99,162,40.8,1336
1,37,175,66.9,82.8,127,40.85,876
1,18,175,66.9,56.4,122,40.8,573
0,54,166,78.7,85.2,131,40.85,921
1,26,161,62.4,112.8,139,40.8,1307
0,34,171,102.1,57.6,135,40.7,713
0,26,200,51.9,45,133,40.9,549
0,28,200,58.3,79.2,135,40.9,980
0,32,192,89.8,115.8,168,40.8,1783
0,41,183,101.1,47.4,162,40.9,634
0,55,172,118.6,46.2,168,40.9,640
0,52,185,84.8,71.4,152,40.8,895
0,47,177,80,43.2,149,40.85,531
0,48,183,73.1,63,131,40.85,681
0,22,168,117.3,74.4,134,40.9,914
1,31,171,77.4,75.6,137,40.9,863
1,28,167,72.9,67.8,147,40.85,831
1,26,150,71.2,69,142,40.9,816
0,51,162,88.2,93.6,133,40.9,1027
1,29,180,75.6,78.6,149,40.8,976
1,52,156,57.9,99.6,152,40.8,1135
1,52,158,70.6,61.2,164,40.9,753
0,18,164,118.6,56.4,134,40.9,693
0,57,199,55.7,67.8,126,40.95,705
0,39,194,102.3,53.4,134,40.8,656
0,46,187,72.6,78.6,161,40.85,1044
1,25,168,63.8,57,165,40.9,784
1,28,167,67.3,36.6,157,40.8,479
1,58,158,59.3,118.2,165,40.8,1463
1,54,157,70.7,68.4,163,40.85,836
0,31,169,86.9,103.2,130,40.85,1230
0,47,190,98.2,45.6,148,40.8,557
0,52,162,63.6,78,150,40.9,965
1,38,168,45.2,60.6,144,40.9,727
0,54,162,117.2,62.4,143,40.9,736
0,22,174,107.4,80.4,138,40.9,1017
1,36,178,59.1,51,121,40.95,514
1,31,164,53.3,34.2,141,40.8,402
0,43,163,46.2,70.8,139,40.9,812
0,21,161,67,79.2,152,40.8,1104
0,42,177,86.3,106.2,127,40.85,1113
0,59,167,85.5,119.4,144,40.9,1418
0,42,187,70.2,82.8,165,40.8,1127
0,35,162,127.1,61.2,128,40.7,718
1,57,167,75.6,63,153,40.8,723
1,25,165,62.6,72,142,40.85,852
1,56,153,55.7,114.6,124,40.75,1066
0,57,174,96.1,72.6,144,40.9,862
1,31,162,76.7,83.4,127,40.9,883
0,49,189,57.2,68.4,135,40.8,762
0,55,181,69.9,72,167,40.85,992
1,50,177,67.9,61.8,164,40.75,760
0,40,187,87.9,117.6,134,40.8,1445
0,32,198,102.8,74.4,120,40.8,818
1,50,150,51.8,79.2,141,40.8,838
1,42,157,57.7,109.8,122,40.9,1005
1,34,169,66.5,48.6,157,40.8,636
0,50,161,95.4,69.6,133,40.9,764
1,19,160,69.2,70.2,155,40.75,907
1,31,167,66.6,61.2,137,40.85,699
0,57,165,83.4,94.2,166,40.85,1290
1,57,175,43.8,83.4,160,41,1001
1,56,169,64.2,119.4,137,40.9,1227
1,23,162,44.1,34.8,122,40.85,354
0,23,191,87.3,112.2,129,40.8,1327
0,20,160,55,67.2,168,40.75,1035
0,24,174,87.1,94.2,158,40.9,1364
0,25,161,66.6,82.8,166,40.7,1260
1,59,176,60.4,103.2,120,40.9,929
0,32,183,126.4,66,146,40.7,883
0,46,163,88.7,45,146,40.9,542
